Year,Source,Course_Name,Round,Hole,Par,Yards,Eagles,Birdies,Pars,Bogeys,Double_Bogey_Plus
2018,ESPN,Riviera Country Club,Total,1,5,503,30,261,139,7,1
2018,ESPN,Riviera Country Club,Total,2,4,471,0,39,289,103,7
2018,ESPN,Riviera Country Club,Total,3,4,434,1,65,305,65,2
2018,ESPN,Riviera Country Club,Total,4,3,236,0,29,304,98,7
2018,ESPN,Riviera Country Club,Total,5,4,434,0,47,288,89,14
2018,ESPN,Riviera Country Club,Total,6,3,199,1,83,283,66,5
2018,ESPN,Riviera Country Club,Total,7,4,408,0,70,275,87,6
2018,ESPN,Riviera Country Club,Total,8,4,433,0,49,294,83,12
2018,ESPN,Riviera Country Club,Total,9,4,458,0,44,292,94,6
2018,ESPN,Riviera Country Club,Total,10,4,315,1,87,251,86,13
2018,ESPN,Riviera Country Club,Total,11,5,583,5,180,212,36,5
2018,ESPN,Riviera Country Club,Total,12,4,479,0,26,256,135,21
2018,ESPN,Riviera Country Club,Total,13,4,459,0,37,298,98,5
2018,ESPN,Riviera Country Club,Total,14,3,192,0,33,307,95,3
2018,ESPN,Riviera Country Club,Total,15,4,487,1,25,280,123,9
2018,ESPN,Riviera Country Club,Total,16,3,166,0,69,287,77,5
2018,ESPN,Riviera Country Club,Total,17,5,590,3,143,262,28,2
2018,ESPN,Riviera Country Club,Total,18,4,475,0,40,289,99,10
2021,ESPN,Riviera Country Club,Total,1,5,503,24,225,120,4,0
2021,ESPN,Riviera Country Club,Total,2,4,471,0,40,245,81,7
2021,ESPN,Riviera Country Club,Total,3,4,434,0,65,252,54,2
2021,ESPN,Riviera Country Club,Total,4,3,236,0,22,257,92,2
2021,ESPN,Riviera Country Club,Total,5,4,434,0,37,266,68,2
2021,ESPN,Riviera Country Club,Total,6,3,199,1,80,238,48,6
2021,ESPN,Riviera Country Club,Total,7,4,408,1,79,233,54,6
2021,ESPN,Riviera Country Club,Total,8,4,433,0,45,238,76,14
2021,ESPN,Riviera Country Club,Total,9,4,458,0,39,243,87,4
2021,ESPN,Riviera Country Club,Total,10,4,315,1,106,214,43,11
2021,ESPN,Riviera Country Club,Total,11,5,583,8,150,182,29,4
2021,ESPN,Riviera Country Club,Total,12,4,479,0,32,214,112,15
2021,ESPN,Riviera Country Club,Total,13,4,459,0,49,239,82,3
2021,ESPN,Riviera Country Club,Total,14,3,192,0,19,255,96,5
2021,ESPN,Riviera Country Club,Total,15,4,487,0,19,253,93,8
2021,ESPN,Riviera Country Club,Total,16,3,166,1,65,236,64,7
2021,ESPN,Riviera Country Club,Total,17,5,590,5,123,209,33,3
2021,ESPN,Riviera Country Club,Total,18,4,475,0,27,263,80,3
2022,ESPN,Riviera Country Club,Total,1,5,503,34,251,99,5,0
2022,ESPN,Riviera Country Club,Total,2,4,471,0,42,252,91,4
2022,ESPN,Riviera Country Club,Total,3,4,434,1,61,286,40,1
2022,ESPN,Riviera Country Club,Total,4,3,236,0,14,276,93,6
2022,ESPN,Riviera Country Club,Total,5,4,434,0,40,275,69,5
2022,ESPN,Riviera Country Club,Total,6,3,199,0,64,258,64,3
2022,ESPN,Riviera Country Club,Total,7,4,408,0,89,244,55,1
2022,ESPN,Riviera Country Club,Total,8,4,433,0,36,275,69,9
2022,ESPN,Riviera Country Club,Total,9,4,458,0,67,246,70,6
2022,ESPN,Riviera Country Club,Total,10,4,315,5,103,229,43,9
2022,ESPN,Riviera Country Club,Total,11,5,583,14,182,177,13,3
2022,ESPN,Riviera Country Club,Total,12,4,479,0,30,242,106,11
2022,ESPN,Riviera Country Club,Total,13,4,459,0,44,269,66,10
2022,ESPN,Riviera Country Club,Total,14,3,192,0,36,278,73,2
2022,ESPN,Riviera Country Club,Total,15,4,487,0,27,238,116,8
2022,ESPN,Riviera Country Club,Total,16,3,166,0,85,238,60,6
2022,ESPN,Riviera Country Club,Total,17,5,590,9,146,215,18,1
2022,ESPN,Riviera Country Club,Total,18,4,475,0,64,257,63,5
2023,PGATOUR,The Riviera Country Club,1,1,5,507,7,76,44,2,0
2023,PGATOUR,The Riviera Country Club,1,2,4,487,0,11,89,23,6
2023,PGATOUR,The Riviera Country Club,1,3,4,444,0,18,93,18,0
2023,PGATOUR,The Riviera Country Club,1,4,3,231,0,6,87,35,1
2023,PGATOUR,The Riviera Country Club,1,5,4,416,1,19,90,19,0
2023,PGATOUR,The Riviera Country Club,1,6,3,185,0,19,90,19,1
2023,PGATOUR,The Riviera Country Club,1,7,4,399,0,29,84,15,1
2023,PGATOUR,The Riviera Country Club,1,8,4,432,0,21,87,19,2
2023,PGATOUR,The Riviera Country Club,1,9,4,468,0,15,92,20,2
2023,PGATOUR,The Riviera Country Club,1,10,4,302,0,37,73,17,2
2023,PGATOUR,The Riviera Country Club,1,11,5,566,4,50,62,12,1
2023,PGATOUR,The Riviera Country Club,1,12,4,494,0,6,80,39,4
2023,PGATOUR,The Riviera Country Club,1,13,4,454,0,8,94,27,0
2023,PGATOUR,The Riviera Country Club,1,14,3,183,0,5,102,19,3
2023,PGATOUR,The Riviera Country Club,1,15,4,478,0,10,81,35,3
2023,PGATOUR,The Riviera Country Club,1,16,3,166,0,14,94,18,3
2023,PGATOUR,The Riviera Country Club,1,17,5,598,1,43,76,9,0
2023,PGATOUR,The Riviera Country Club,1,18,4,472,0,18,89,19,3
2023,PGATOUR,The Riviera Country Club,2,1,5,494,7,72,45,4,0
2023,PGATOUR,The Riviera Country Club,2,2,4,481,0,10,95,22,1
2023,PGATOUR,The Riviera Country Club,2,3,4,448,0,10,97,19,2
2023,PGATOUR,The Riviera Country Club,2,4,3,242,0,2,88,38,0
2023,PGATOUR,The Riviera Country Club,2,5,4,442,0,10,83,32,3
2023,PGATOUR,The Riviera Country Club,2,6,3,170,0,19,88,21,0
2023,PGATOUR,The Riviera Country Club,2,7,4,410,0,29,81,17,1
2023,PGATOUR,The Riviera Country Club,2,8,4,441,0,12,86,30,0
2023,PGATOUR,The Riviera Country Club,2,9,4,443,0,19,75,29,5
2023,PGATOUR,The Riviera Country Club,2,10,4,309,0,27,69,29,4
2023,PGATOUR,The Riviera Country Club,2,11,5,588,0,40,74,14,1
2023,PGATOUR,The Riviera Country Club,2,12,4,477,0,8,82,33,6
2023,PGATOUR,The Riviera Country Club,2,13,4,445,0,15,92,20,2
2023,PGATOUR,The Riviera Country Club,2,14,3,187,0,7,89,32,1
2023,PGATOUR,The Riviera Country Club,2,15,4,485,0,12,80,33,4
2023,PGATOUR,The Riviera Country Club,2,16,3,164,0,38,73,15,3
2023,PGATOUR,The Riviera Country Club,2,17,5,604,3,41,69,16,0
2023,PGATOUR,The Riviera Country Club,2,18,4,454,0,4,91,33,0
2023,PGATOUR,The Riviera Country Club,3,1,5,509,3,44,21,0,0
2023,PGATOUR,The Riviera Country Club,3,2,4,466,0,4,56,8,0
2023,PGATOUR,The Riviera Country Club,3,3,4,426,0,13,46,8,1
2023,PGATOUR,The Riviera Country Club,3,4,3,245,0,5,46,17,0
2023,PGATOUR,The Riviera Country Club,3,5,4,431,0,7,49,11,1
2023,PGATOUR,The Riviera Country Club,3,6,3,194,0,17,39,8,4
2023,PGATOUR,The Riviera Country Club,3,7,4,416,0,6,48,13,1
2023,PGATOUR,The Riviera Country Club,3,8,4,409,0,9,41,15,3
2023,PGATOUR,The Riviera Country Club,3,9,4,474,0,11,48,9,0
2023,PGATOUR,The Riviera Country Club,3,10,4,284,2,30,31,4,1
2023,PGATOUR,The Riviera Country Club,3,11,5,588,2,31,33,2,0
2023,PGATOUR,The Riviera Country Club,3,12,4,491,0,0,46,20,2
2023,PGATOUR,The Riviera Country Club,3,13,4,456,0,8,51,8,1
2023,PGATOUR,The Riviera Country Club,3,14,3,195,0,8,51,9,0
2023,PGATOUR,The Riviera Country Club,3,15,4,489,0,2,40,26,0
2023,PGATOUR,The Riviera Country Club,3,16,3,153,0,12,50,6,0
2023,PGATOUR,The Riviera Country Club,3,17,5,570,0,26,40,2,0
2023,PGATOUR,The Riviera Country Club,3,18,4,468,0,8,50,10,0
2023,PGATOUR,The Riviera Country Club,4,1,5,496,0,43,25,0,0
2023,PGATOUR,The Riviera Country Club,4,2,4,489,0,11,44,12,1
2023,PGATOUR,The Riviera Country Club,4,3,4,438,0,8,53,7,0
2023,PGATOUR,The Riviera Country Club,4,4,3,235,0,1,56,11,0
2023,PGATOUR,The Riviera Country Club,4,5,4,409,0,10,54,3,1
2023,PGATOUR,The Riviera Country Club,4,6,3,207,0,28,29,10,1
2023,PGATOUR,The Riviera Country Club,4,7,4,394,0,18,39,10,1
2023,PGATOUR,The Riviera Country Club,4,8,4,434,0,6,48,14,0
2023,PGATOUR,The Riviera Country Club,4,9,4,442,0,7,50,11,0
2023,PGATOUR,The Riviera Country Club,4,10,4,306,0,12,44,12,0
2023,PGATOUR,The Riviera Country Club,4,11,5,570,0,31,28,7,2
2023,PGATOUR,The Riviera Country Club,4,12,4,475,0,0,38,30,0
2023,PGATOUR,The Riviera Country Club,4,13,4,469,0,7,53,8,0
2023,PGATOUR,The Riviera Country Club,4,14,3,177,0,5,46,17,0
2023,PGATOUR,The Riviera Country Club,4,15,4,485,0,5,45,17,1
2023,PGATOUR,The Riviera Country Club,4,16,3,158,0,13,43,11,1
2023,PGATOUR,The Riviera Country Club,4,17,5,589,1,30,34,3,0
2023,PGATOUR,The Riviera Country Club,4,18,4,477,0,9,48,11,0
2024,PGATOUR,The Riviera Country Club,1,1,5,498,4,42,23,1,0
2024,PGATOUR,The Riviera Country Club,1,2,4,480,0,10,42,17,0
2024,PGATOUR,The Riviera Country Club,1,3,4,448,0,18,49,3,0
2024,PGATOUR,The Riviera Country Club,1,4,3,233,0,7,43,20,0
2024,PGATOUR,The Riviera Country Club,1,5,4,427,0,13,48,9,0
2024,PGATOUR,The Riviera Country Club,1,6,3,181,0,14,51,5,0
2024,PGATOUR,The Riviera Country Club,1,7,4,398,0,20,40,8,2
2024,PGATOUR,The Riviera Country Club,1,8,4,436,0,16,41,12,1
2024,PGATOUR,The Riviera Country Club,1,9,4,467,0,7,54,9,0
2024,PGATOUR,The Riviera Country Club,1,10,4,301,0,28,33,9,0
2024,PGATOUR,The Riviera Country Club,1,11,5,587,5,33,29,3,0
2024,PGATOUR,The Riviera Country Club,1,12,4,477,0,0,36,30,3
2024,PGATOUR,The Riviera Country Club,1,13,4,444,0,6,50,14,0
2024,PGATOUR,The Riviera Country Club,1,14,3,187,0,7,50,13,0
2024,PGATOUR,The Riviera Country Club,1,15,4,482,0,3,48,18,1
2024,PGATOUR,The Riviera Country Club,1,16,3,166,0,11,42,14,2
2024,PGATOUR,The Riviera Country Club,1,17,5,609,2,22,38,7,1
2024,PGATOUR,The Riviera Country Club,1,18,4,475,0,13,45,11,1
2024,PGATOUR,The Riviera Country Club,2,1,5,503,7,50,11,0,0
2024,PGATOUR,The Riviera Country Club,2,2,4,462,0,5,46,16,1
2024,PGATOUR,The Riviera Country Club,2,3,4,443,0,23,42,3,0
2024,PGATOUR,The Riviera Country Club,2,4,3,245,0,2,52,14,0
2024,PGATOUR,The Riviera Country Club,2,5,4,427,0,7,49,12,0
2024,PGATOUR,The Riviera Country Club,2,6,3,171,0,14,48,5,1
2024,PGATOUR,The Riviera Country Club,2,7,4,409,0,17,47,4,0
2024,PGATOUR,The Riviera Country Club,2,8,4,433,0,11,42,14,0
2024,PGATOUR,The Riviera Country Club,2,9,4,439,0,8,45,15,0
2024,PGATOUR,The Riviera Country Club,2,10,4,308,0,19,39,8,2
2024,PGATOUR,The Riviera Country Club,2,11,5,573,5,39,22,2,0
2024,PGATOUR,The Riviera Country Club,2,12,4,497,0,3,37,27,1
2024,PGATOUR,The Riviera Country Club,2,13,4,456,0,4,48,14,2
2024,PGATOUR,The Riviera Country Club,2,14,3,184,1,7,47,13,0
2024,PGATOUR,The Riviera Country Club,2,15,4,502,0,3,30,33,1
2024,PGATOUR,The Riviera Country Club,2,16,3,164,0,8,42,17,1
2024,PGATOUR,The Riviera Country Club,2,17,5,593,0,25,36,7,0
2024,PGATOUR,The Riviera Country Club,2,18,4,459,0,8,49,10,1
2024,PGATOUR,The Riviera Country Club,3,1,5,495,3,32,16,0,0
2024,PGATOUR,The Riviera Country Club,3,2,4,487,0,5,38,8,0
2024,PGATOUR,The Riviera Country Club,3,3,4,438,0,7,41,3,0
2024,PGATOUR,The Riviera Country Club,3,4,3,230,0,1,38,12,0
2024,PGATOUR,The Riviera Country Club,3,5,4,434,0,12,37,2,0
2024,PGATOUR,The Riviera Country Club,3,6,3,192,0,19,29,3,0
2024,PGATOUR,The Riviera Country Club,3,7,4,412,0,4,41,5,1
2024,PGATOUR,The Riviera Country Club,3,8,4,408,1,1,38,10,1
2024,PGATOUR,The Riviera Country Club,3,9,4,474,0,11,30,10,0
2024,PGATOUR,The Riviera Country Club,3,10,4,285,2,20,23,5,1
2024,PGATOUR,The Riviera Country Club,3,11,5,589,0,25,24,2,0
2024,PGATOUR,The Riviera Country Club,3,12,4,492,0,6,31,13,1
2024,PGATOUR,The Riviera Country Club,3,13,4,471,0,7,36,8,0
2024,PGATOUR,The Riviera Country Club,3,14,3,178,0,2,45,4,0
2024,PGATOUR,The Riviera Country Club,3,15,4,488,0,2,35,13,1
2024,PGATOUR,The Riviera Country Club,3,16,3,151,0,11,33,7,0
2024,PGATOUR,The Riviera Country Club,3,17,5,569,1,31,17,2,0
2024,PGATOUR,The Riviera Country Club,3,18,4,472,0,7,36,7,1
2024,PGATOUR,The Riviera Country Club,4,1,5,509,2,32,15,1,1
2024,PGATOUR,The Riviera Country Club,4,2,4,488,0,5,41,5,0
2024,PGATOUR,The Riviera Country Club,4,3,4,429,0,6,41,4,0
2024,PGATOUR,The Riviera Country Club,4,4,3,236,0,1,36,14,0
2024,PGATOUR,The Riviera Country Club,4,5,4,409,0,7,34,10,0
2024,PGATOUR,The Riviera Country Club,4,6,3,206,0,14,29,8,0
2024,PGATOUR,The Riviera Country Club,4,7,4,398,0,8,35,7,1
2024,PGATOUR,The Riviera Country Club,4,8,4,439,0,4,38,9,0
2024,PGATOUR,The Riviera Country Club,4,9,4,444,0,6,35,9,1
2024,PGATOUR,The Riviera Country Club,4,10,4,304,0,12,28,10,1
2024,PGATOUR,The Riviera Country Club,4,11,5,567,1,23,26,0,1
2024,PGATOUR,The Riviera Country Club,4,12,4,476,0,4,32,14,0
2024,PGATOUR,The Riviera Country Club,4,13,4,453,0,7,36,8,0
2024,PGATOUR,The Riviera Country Club,4,14,3,195,0,8,36,7,0
2024,PGATOUR,The Riviera Country Club,4,15,4,499,0,5,30,14,2
2024,PGATOUR,The Riviera Country Club,4,16,3,160,0,7,37,7,0
2024,PGATOUR,The Riviera Country Club,4,17,5,590,0,28,22,1,0
2024,PGATOUR,The Riviera Country Club,4,18,4,476,0,6,30,13,2
