Year,Course,Round,Hole,Par,Avg_Score,Eagles,Birdies,Pars,Bogeys,Doubles,Pin_X_Normalized,Pin_Y_Normalized
2023,Pebble Beach Golf Links,4,1,4,3.97,0,12,53,10,0,0.585584643166739,0.41441535683326103
2023,Pebble Beach Golf Links,4,2,5,4.43,6,37,26,6,0,0.6336641172599702,0.3663358827400298
2023,Pebble Beach Golf Links,4,3,4,4.04,0,11,51,12,1,0.6095329102543182,0.3904670897456818
2023,Pebble Beach Golf Links,4,4,4,3.67,0,29,43,2,1,0.44841787283622225,0.5515821271637777
2023,Pebble Beach Golf Links,4,5,3,2.89,0,19,46,9,1,0.5928477618950825,0.4071522381049175
2023,Pebble Beach Golf Links,4,6,5,4.47,4,35,34,1,1,0.450215438480229,0.549784561519771
2023,Pebble Beach Golf Links,4,7,3,2.83,0,15,58,2,0,0.5301018506649586,0.46989814933504137
2023,Pebble Beach Golf Links,4,8,4,4.28,0,6,44,23,2,0.5490588886888996,0.4509411113111004
2023,Pebble Beach Golf Links,4,9,4,4.32,0,4,50,14,7,0.6295841835629187,0.3704158164370813
2023,Pebble Beach Golf Links,4,10,4,3.87,0,14,57,4,0,0.5028499257425971,0.4971500742574029
2023,Pebble Beach Golf Links,4,11,4,3.81,0,21,47,7,0,0.48365594067218237,0.5163440593278177
2023,Pebble Beach Golf Links,4,12,3,3.16,0,7,50,17,1,0.45415024904127865,0.5458497509587213
2023,Pebble Beach Golf Links,4,13,4,4.09,0,7,55,12,1,0.4957983331992429,0.5042016668007572
2023,Pebble Beach Golf Links,4,14,5,5.07,0,12,51,8,4,0.5097037427130346,0.49029625728696535
2023,Pebble Beach Golf Links,4,15,4,3.77,0,22,48,5,0,0.37273770095443215,0.6272622990455679
2023,Pebble Beach Golf Links,4,16,4,4.13,0,5,57,11,2,0.5660145794634531,0.4339854205365469
2023,Pebble Beach Golf Links,4,17,3,3.11,0,6,56,12,1,0.5684813027923229,0.4315186972076771
2023,Pebble Beach Golf Links,4,18,5,4.95,0,23,38,10,4,0.43789456119296755,0.5621054388070325
2023,Pebble Beach Golf Links,3,1,4,4.08,0,5,36,7,1,0.5483767531516247,0.4516232468483753
2023,Pebble Beach Golf Links,3,2,5,4.41,3,25,19,2,0,0.3837733305542135,0.6162266694457865
2023,Pebble Beach Golf Links,3,3,4,4.08,0,8,30,10,1,0.5079758100285412,0.4920241899714588
2023,Pebble Beach Golf Links,3,4,4,4.1,0,10,29,6,4,0.6197823445269629,0.3802176554730371
2023,Pebble Beach Golf Links,3,5,3,3.35,0,4,27,15,3,0.6811571043078676,0.3188428956921324
2023,Pebble Beach Golf Links,3,6,5,4.76,1,17,25,5,1,0.5763209558599119,0.42367904414008806
2023,Pebble Beach Golf Links,3,7,3,3.1,0,5,35,8,1,0.5783338356906857,0.42166616430931425
2023,Pebble Beach Golf Links,3,8,4,4.2,0,8,26,12,3,0.5309963382653826,0.4690036617346174
2023,Pebble Beach Golf Links,3,9,4,4.33,0,4,27,16,2,0.48127789307361546,0.5187221069263845
2023,Pebble Beach Golf Links,3,10,4,4.06,0,5,37,9,0,0.48881014941059586,0.5111898505894041
2023,Pebble Beach Golf Links,3,11,4,3.8,0,15,32,3,1,0.4519690293594534,0.5480309706405466
2023,Pebble Beach Golf Links,3,12,3,3.1,0,7,31,13,0,0.5345471980480372,0.4654528019519628
2023,Pebble Beach Golf Links,3,13,4,4.04,0,10,31,9,1,0.5918200516388475,0.40817994836115246
2023,Pebble Beach Golf Links,3,14,5,4.63,2,19,27,3,0,0.5519924151091035,0.44800758489089654
2023,Pebble Beach Golf Links,3,15,4,4.02,0,5,41,5,0,0.49406757686645725,0.5059324231335427
2023,Pebble Beach Golf Links,3,16,4,4.16,0,4,35,11,1,0.5513474593949764,0.4486525406050236
2023,Pebble Beach Golf Links,3,17,3,3.06,0,7,33,11,0,0.4680492176979899,0.5319507823020101
2023,Pebble Beach Golf Links,3,18,5,4.88,2,13,30,3,3,0.49758917245093554,0.5024108275490644
2023,Pebble Beach Golf Links,2,1,4,4.04,0,6,36,8,1,0.5484792959879597,0.45152070401204025
2023,Pebble Beach Golf Links,2,2,5,4.44,2,26,21,2,0,0.3836724780680501,0.61632752193195
2023,Pebble Beach Golf Links,2,3,4,4.18,0,2,39,9,1,0.5085692741648918,0.49143072583510816
2023,Pebble Beach Golf Links,2,4,4,4.0,0,10,33,6,2,0.6198833345442121,0.3801166654557879
2023,Pebble Beach Golf Links,2,5,3,3.58,0,3,22,20,6,0.6811218264420142,0.31887817355798576
2023,Pebble Beach Golf Links,2,6,5,4.72,0,18,29,2,1,0.5762019373483227,0.4237980626516773
2023,Pebble Beach Golf Links,2,7,3,3.12,0,5,36,7,2,0.578388555369365,0.42161144463063505
2023,Pebble Beach Golf Links,2,8,4,4.08,0,12,24,13,1,0.5312175502210366,0.46878244977896344
2023,Pebble Beach Golf Links,2,9,4,4.62,0,3,18,25,4,0.48109939729384615,0.5189006027061538
2023,Pebble Beach Golf Links,2,10,4,4.28,0,3,33,11,3,0.48902881049571023,0.5109711895042898
2023,Pebble Beach Golf Links,2,11,4,4.04,0,4,40,6,0,0.45220476754672584,0.5477952324532742
2023,Pebble Beach Golf Links,2,12,3,3.06,0,6,35,9,0,0.534710275622028,0.465289724377972
2023,Pebble Beach Golf Links,2,13,4,4.2,0,0,41,8,1,0.5918572169829771,0.4081427830170229
2023,Pebble Beach Golf Links,2,14,5,4.52,1,23,25,1,0,0.5509836603896793,0.4490163396103207
2023,Pebble Beach Golf Links,2,15,4,3.74,0,16,31,3,0,0.4938957207668438,0.5061042792331563
2023,Pebble Beach Golf Links,2,16,4,4.08,0,4,39,6,1,0.5512997436897988,0.44870025631020116
2023,Pebble Beach Golf Links,2,17,3,2.98,0,8,35,7,0,0.46803833420579205,0.5319616657942079
2023,Pebble Beach Golf Links,2,18,5,4.82,1,18,24,4,3,0.4976955059296835,0.5023044940703165
2023,Pebble Beach Golf Links,1,1,4,3.98,0,7,39,6,0,0.549323627150277,0.45067637284972295
2023,Pebble Beach Golf Links,1,2,5,4.42,4,24,22,2,0,0.3836005863438193,0.6163994136561807
2023,Pebble Beach Golf Links,1,3,4,3.88,0,9,40,3,0,0.5077670407933934,0.4922329592066066
2023,Pebble Beach Golf Links,1,4,4,3.88,0,15,29,7,1,0.6195505827263867,0.38044941727361326
2023,Pebble Beach Golf Links,1,5,3,2.94,0,14,27,11,0,0.6808805992115017,0.3191194007884983
2023,Pebble Beach Golf Links,1,6,5,4.48,2,30,16,3,1,0.5755967473485047,0.42440325265149526
2023,Pebble Beach Golf Links,1,7,3,2.96,0,11,33,7,1,0.5776368688012887,0.4223631311987113
2023,Pebble Beach Golf Links,1,8,4,4.33,0,5,32,11,4,0.5314932404402847,0.4685067595597153
2023,Pebble Beach Golf Links,1,9,4,4.31,0,8,25,14,5,0.4816744470366123,0.5183255529633877
2023,Pebble Beach Golf Links,1,10,4,4.04,0,8,35,8,1,0.48885477712400127,0.5111452228759987
2023,Pebble Beach Golf Links,1,11,4,3.75,1,16,30,5,0,0.45294038366575556,0.5470596163342445
2023,Pebble Beach Golf Links,1,12,3,3.17,0,5,33,14,0,0.5350523572095182,0.46494764279048184
2023,Pebble Beach Golf Links,1,13,4,4.06,0,6,37,9,0,0.5918651945826034,0.40813480541739655
2023,Pebble Beach Golf Links,1,14,5,4.71,2,19,25,4,2,0.5514701297575119,0.44852987024248814
2023,Pebble Beach Golf Links,1,15,4,3.96,0,13,29,9,1,0.4940522378762529,0.5059477621237471
2023,Pebble Beach Golf Links,1,16,4,4.02,0,8,35,9,0,0.5510175146287184,0.4489824853712816
2023,Pebble Beach Golf Links,1,17,3,3.06,0,7,35,10,0,0.46792359820380497,0.532076401796195
2023,Pebble Beach Golf Links,1,18,5,5.02,2,18,20,8,4,0.4975466878070634,0.5024533121929367
2024,Pebble Beach Golf Links,3,1,4,3.937,0,14,58,7,1,0.5926883621199925,0.40731163788000746
2024,Pebble Beach Golf Links,3,2,5,4.3,5,47,27,1,0,0.5722754114021182,0.42772458859788176
2024,Pebble Beach Golf Links,3,3,4,3.962,0,12,61,6,0,0.6061971339060706,0.39380286609392945
2024,Pebble Beach Golf Links,3,4,4,3.687,0,26,53,1,0,0.4435384106590089,0.5564615893409911
2024,Pebble Beach Golf Links,3,5,3,3.313,0,4,52,19,5,0.698608584633436,0.301391415366564
2024,Pebble Beach Golf Links,3,6,5,4.437,2,46,28,3,1,0.606997619163653,0.393002380836347
2024,Pebble Beach Golf Links,3,7,3,2.612,0,34,43,3,0,0.3875630847443319,0.6124369152556681
2024,Pebble Beach Golf Links,3,8,4,4.25,0,6,53,18,2,0.5541410331780321,0.4458589668219679
2024,Pebble Beach Golf Links,3,9,4,4.138,0,9,52,18,1,0.46440321575788995,0.5355967842421101
2024,Pebble Beach Golf Links,3,10,4,4.013,0,12,55,13,0,0.5903473384167037,0.4096526615832963
2024,Pebble Beach Golf Links,3,11,4,3.75,2,22,50,6,0,0.4547120161944461,0.5452879838055539
2024,Pebble Beach Golf Links,3,12,3,2.912,0,13,61,6,0,0.5403933267059847,0.4596066732940153
2024,Pebble Beach Golf Links,3,13,4,3.912,0,14,59,7,0,0.5877510813931069,0.41224891860689306
2024,Pebble Beach Golf Links,3,14,5,4.775,1,25,46,7,1,0.5013097327554786,0.49869026724452137
2024,Pebble Beach Golf Links,3,15,4,3.812,0,21,54,4,1,0.5653044917567603,0.43469550824323966
2024,Pebble Beach Golf Links,3,16,4,3.962,0,9,66,4,1,0.5782275012334599,0.4217724987665401
2024,Pebble Beach Golf Links,3,17,3,2.85,0,16,61,2,1,0.572312082709929,0.42768791729007105
2024,Pebble Beach Golf Links,3,18,5,4.45,1,48,25,6,0,0.6408676657537417,0.35913233424625834
2024,Pebble Beach Golf Links,2,1,4,3.8,0,10,28,2,0,0.5530694593971223,0.44693054060287773
2024,Pebble Beach Golf Links,2,2,5,4.15,6,23,10,1,0,0.40085597118709393,0.5991440288129061
2024,Pebble Beach Golf Links,2,3,4,4.0,0,3,34,3,0,0.5886394546015554,0.4113605453984446
2024,Pebble Beach Golf Links,2,4,4,3.75,0,14,23,2,1,0.6206945045088952,0.3793054954911048
2024,Pebble Beach Golf Links,2,5,3,3.075,0,6,26,7,1,0.3451852106310917,0.6548147893689082
2024,Pebble Beach Golf Links,2,6,5,4.45,2,19,18,1,0,0.46580369262662075,0.5341963073733793
2024,Pebble Beach Golf Links,2,7,3,2.775,0,13,23,4,0,0.5724758744111087,0.4275241255888913
2024,Pebble Beach Golf Links,2,8,4,3.925,0,9,25,6,0,0.49626767198372357,0.5037323280162764
2024,Pebble Beach Golf Links,2,9,4,4.25,0,2,28,8,2,0.6439244776038618,0.35607552239613816
2024,Pebble Beach Golf Links,2,10,4,3.975,0,5,32,2,1,0.4578354850374761,0.5421645149625238
2024,Pebble Beach Golf Links,2,11,4,3.875,0,9,27,4,0,0.5075530872994708,0.4924469127005292
2024,Pebble Beach Golf Links,2,12,3,3.1,0,2,32,6,0,0.5798699357392081,0.4201300642607919
2024,Pebble Beach Golf Links,2,13,4,4.125,0,1,33,6,0,0.5040184903252763,0.49598150967472365
2024,Pebble Beach Golf Links,2,14,5,4.75,0,14,23,2,1,0.566425086972429,0.433574913027571
2024,Pebble Beach Golf Links,2,15,4,3.775,0,9,31,0,0,0.5349901959983552,0.4650098040016448
2024,Pebble Beach Golf Links,2,16,4,4.0,0,7,27,5,1,0.5699791358862313,0.4300208641137687
2024,Pebble Beach Golf Links,2,17,3,2.95,0,5,32,3,0,0.4582810071231194,0.5417189928768806
2024,Pebble Beach Golf Links,2,18,5,4.65,1,19,16,2,1,0.49249994425962595,0.507500055740374
2024,Pebble Beach Golf Links,1,1,4,3.85,0,8,30,2,0,0.5537149394989272,0.44628506050107275
2024,Pebble Beach Golf Links,1,2,5,4.425,1,22,16,1,0,0.3915280870302113,0.6084719129697886
2024,Pebble Beach Golf Links,1,3,4,3.975,0,3,35,2,0,0.5890592931330515,0.4109407068669485
2024,Pebble Beach Golf Links,1,4,4,3.975,0,5,31,4,0,0.6238390588914208,0.3761609411085792
2024,Pebble Beach Golf Links,1,5,3,3.2,0,5,22,13,0,0.3447963060753744,0.6552036939246255
2024,Pebble Beach Golf Links,1,6,5,4.475,1,21,16,2,0,0.46525867008165384,0.5347413299183461
2024,Pebble Beach Golf Links,1,7,3,3.0,0,4,33,2,1,0.5728087189007629,0.4271912810992371
2024,Pebble Beach Golf Links,1,8,4,3.8,0,13,22,5,0,0.4962747088386751,0.5037252911613249
2024,Pebble Beach Golf Links,1,9,4,4.4,0,4,17,18,1,0.6449405965727177,0.35505940342728226
2024,Pebble Beach Golf Links,1,10,4,4.275,0,1,28,10,1,0.45916071195248415,0.5408392880475159
2024,Pebble Beach Golf Links,1,11,4,3.9,0,9,26,5,0,0.5072192586466573,0.4927807413533427
2024,Pebble Beach Golf Links,1,12,3,3.2,0,3,27,9,1,0.5798699357392081,0.4201300642607919
2024,Pebble Beach Golf Links,1,13,4,3.95,0,7,29,3,1,0.5039559311025197,0.4960440688974803
2024,Pebble Beach Golf Links,1,14,5,4.45,0,22,18,0,0,0.5710143512829484,0.4289856487170516
2024,Pebble Beach Golf Links,1,15,4,4.0,0,6,28,6,0,0.5349253701948458,0.46507462980515424
2024,Pebble Beach Golf Links,1,16,4,4.05,0,6,26,8,0,0.5653366612014818,0.43466333879851815
2024,Pebble Beach Golf Links,1,17,3,3.15,0,2,30,8,0,0.4583864579638338,0.5416135420361662
2024,Pebble Beach Golf Links,1,18,5,4.925,1,15,16,3,4,0.49260659617415253,0.5073934038258474
2025,Pebble Beach Golf Links,4,1,4,4.0,0,11,56,11,0,0.5788975318639084,0.42110246813609165
2025,Pebble Beach Golf Links,4,2,5,4.449,3,44,26,3,2,0.6326304029218016,0.3673695970781984
2025,Pebble Beach Golf Links,4,3,4,4.077,0,5,63,9,1,0.5768486713377033,0.42315132866229666
2025,Pebble Beach Golf Links,4,4,4,3.692,0,27,48,3,0,0.4548035576763597,0.5451964423236403
2025,Pebble Beach Golf Links,4,5,3,3.038,0,11,53,14,0,0.5634758381821559,0.43652416181784415
2025,Pebble Beach Golf Links,4,6,5,4.769,0,31,37,7,3,0.3327419042394861,0.6672580957605139
2025,Pebble Beach Golf Links,4,7,3,2.872,0,16,56,6,0,0.5943748498582627,0.4056251501417373
2025,Pebble Beach Golf Links,4,8,4,4.167,0,8,50,19,1,0.5030213040205828,0.49697869597941724
2025,Pebble Beach Golf Links,4,9,4,4.167,0,8,51,17,2,0.47592609670560765,0.5240739032943924
2025,Pebble Beach Golf Links,4,10,4,4.154,0,10,47,20,1,0.4781966334721283,0.5218033665278716
2025,Pebble Beach Golf Links,4,11,4,3.744,0,26,46,6,0,0.5311806794040217,0.4688193205959783
2025,Pebble Beach Golf Links,4,12,3,2.872,0,19,50,9,0,0.5100882536582372,0.4899117463417628
2025,Pebble Beach Golf Links,4,13,4,3.859,0,15,59,4,0,0.5080481975963426,0.49195180240365743
2025,Pebble Beach Golf Links,4,14,5,4.474,2,44,25,7,0,0.49607282742207726,0.5039271725779227
2025,Pebble Beach Golf Links,4,15,4,3.808,0,21,52,4,1,0.4039330512220754,0.5960669487779247
2025,Pebble Beach Golf Links,4,16,4,3.949,0,12,58,8,0,0.5911128811179376,0.4088871188820624
2025,Pebble Beach Golf Links,4,17,3,3.103,0,6,59,12,1,0.518740406132915,0.48125959386708494
2025,Pebble Beach Golf Links,4,18,5,4.487,5,45,17,9,1,0.4409172411164809,0.5590827588835191
2025,Pebble Beach Golf Links,3,1,4,3.823,0,22,49,8,0,0.597037039947929,0.402962960052071
2025,Pebble Beach Golf Links,3,2,5,4.38,6,42,26,5,0,0.3889513154629716,0.6110486845370284
2025,Pebble Beach Golf Links,3,3,4,4.051,1,13,47,17,1,0.6180525487464703,0.3819474512535297
2025,Pebble Beach Golf Links,3,4,4,3.937,0,15,55,8,1,0.6111893517780381,0.3888106482219619
2025,Pebble Beach Golf Links,3,5,3,3.291,0,8,43,25,3,0.3633689591390845,0.6366310408609155
2025,Pebble Beach Golf Links,3,6,5,4.861,1,25,41,8,4,0.49935282891790683,0.5006471710820932
2025,Pebble Beach Golf Links,3,7,3,2.937,0,18,49,11,1,0.4557812720376076,0.5442187279623925
2025,Pebble Beach Golf Links,3,8,4,4.152,0,11,50,14,3,0.5247388688458463,0.4752611311541537
2025,Pebble Beach Golf Links,3,9,4,4.443,0,1,43,34,1,0.46385732589766226,0.5361426741023377
2025,Pebble Beach Golf Links,3,10,4,4.101,0,15,44,17,3,0.5428339383052084,0.45716606169479157
2025,Pebble Beach Golf Links,3,11,4,3.696,0,28,47,4,0,0.45785844633889405,0.542141553661106
2025,Pebble Beach Golf Links,3,12,3,3.089,0,12,51,14,1,0.46308641091682823,0.5369135890831718
2025,Pebble Beach Golf Links,3,13,4,3.962,0,14,54,11,0,0.5921472957124964,0.40785270428750364
2025,Pebble Beach Golf Links,3,14,5,4.696,1,29,42,7,0,0.5927640876065762,0.4072359123934238
2025,Pebble Beach Golf Links,3,15,4,3.848,0,17,57,5,0,0.5638335998057804,0.4361664001942196
2025,Pebble Beach Golf Links,3,16,4,4.076,0,7,60,11,1,0.5508794121955122,0.4491205878044878
2025,Pebble Beach Golf Links,3,17,3,3.329,0,1,52,25,1,0.5832243912223777,0.4167756087776223
2025,Pebble Beach Golf Links,3,18,5,4.886,1,27,40,5,4,0.648600228662712,0.35139977133728795
2025,Pebble Beach Golf Links,2,1,4,3.974,0,4,32,3,0,0.5280988494808276,0.47190115051917236
2025,Pebble Beach Golf Links,2,2,5,4.385,1,24,13,0,1,0.5583160621040111,0.4416839378959889
2025,Pebble Beach Golf Links,2,3,4,3.795,0,11,25,3,0,0.44802741064056517,0.5519725893594348
2025,Pebble Beach Golf Links,2,4,4,3.692,0,18,16,4,1,0.43908920412966373,0.5609107958703363
2025,Pebble Beach Golf Links,2,5,3,3.077,0,6,25,7,1,0.6866795344332348,0.3133204655667652
2025,Pebble Beach Golf Links,2,6,5,4.744,0,16,19,2,2,0.48508204681446787,0.5149179531855321
2025,Pebble Beach Golf Links,2,7,3,2.821,0,11,24,4,0,0.5550128482472608,0.4449871517527392
2025,Pebble Beach Golf Links,2,8,4,4.231,0,4,23,11,1,0.504224828141662,0.49577517185833797
2025,Pebble Beach Golf Links,2,9,4,4.308,0,3,23,11,2,0.6311078216236771,0.36889217837632293
2025,Pebble Beach Golf Links,2,10,4,3.974,0,6,30,2,0,0.42751241356751346,0.5724875864324865
2025,Pebble Beach Golf Links,2,11,4,3.821,0,8,30,1,0,0.5033893253550458,0.49661067464495423
2025,Pebble Beach Golf Links,2,12,3,3.205,0,3,26,9,1,0.5963162773670029,0.4036837226329971
2025,Pebble Beach Golf Links,2,13,4,3.974,0,7,26,6,0,0.41684844791929904,0.5831515520807009
2025,Pebble Beach Golf Links,2,14,5,4.538,1,18,18,2,0,0.536417339869707,0.46358266013029303
2025,Pebble Beach Golf Links,2,15,4,3.872,0,6,32,1,0,0.37875746612965594,0.621242533870344
2025,Pebble Beach Golf Links,2,16,4,3.821,0,10,26,3,0,0.49835989377022427,0.5016401062297757
2025,Pebble Beach Golf Links,2,17,3,3.0,0,6,27,6,0,0.46161446578960386,0.5383855342103961
2025,Pebble Beach Golf Links,2,18,5,4.744,2,14,18,4,0,0.5021988269970642,0.4978011730029358
2025,Pebble Beach Golf Links,1,1,4,3.925,0,7,30,2,1,0.5280988494808276,0.47190115051917236
2025,Pebble Beach Golf Links,1,2,5,4.25,1,29,9,1,0,0.5583160621040111,0.4416839378959889
2025,Pebble Beach Golf Links,1,3,4,3.675,0,16,21,3,0,0.44802741064056517,0.5519725893594348
2025,Pebble Beach Golf Links,1,4,4,3.65,0,15,24,1,0,0.43908920412966373,0.5609107958703363
2025,Pebble Beach Golf Links,1,5,3,3.05,0,5,28,7,0,0.6866795344332348,0.3133204655667652
2025,Pebble Beach Golf Links,1,6,5,4.325,3,22,14,1,0,0.48508204681446787,0.5149179531855321
2025,Pebble Beach Golf Links,1,7,3,2.675,1,12,26,1,0,0.5550128482472608,0.4449871517527392
2025,Pebble Beach Golf Links,1,8,4,4.075,0,5,28,6,1,0.504224828141662,0.49577517185833797
2025,Pebble Beach Golf Links,1,9,4,4.05,0,7,26,6,0,0.6311861691638297,0.36881383083617025
2025,Pebble Beach Golf Links,1,10,4,3.9,0,6,32,2,0,0.42751241356751346,0.5724875864324865
2025,Pebble Beach Golf Links,1,11,4,3.9,0,7,31,1,1,0.5033893253550458,0.49661067464495423
2025,Pebble Beach Golf Links,1,12,3,3.15,0,4,26,10,0,0.5957070423248129,0.40429295767518714
2025,Pebble Beach Golf Links,1,13,4,3.95,0,9,24,7,0,0.41684844791929904,0.5831515520807009
2025,Pebble Beach Golf Links,1,14,5,4.975,0,9,26,2,3,0.536417339869707,0.46358266013029303
2025,Pebble Beach Golf Links,1,15,4,3.675,0,15,23,2,0,0.37875746612965594,0.621242533870344
2025,Pebble Beach Golf Links,1,16,4,3.625,0,15,25,0,0,0.49835989377022427,0.5016401062297757
2025,Pebble Beach Golf Links,1,17,3,2.9,0,7,30,3,0,0.46161446578960386,0.5383855342103961
2025,Pebble Beach Golf Links,1,18,5,4.425,0,23,17,0,0,0.5021988269970642,0.4978011730029358
