Tournament,Course,1,2,3,4,5,6,7,8,9,10,11,12,13,14,15,16,17,18
The Sentry,"Kapalua, Plantation Course",276.13,216.5,97.54,145.42,178.86,1.62,307.29,343.87,73.65,91.11,338.23,257.88,86.05,148.57,166.2,157.54,324.48,319.78
Sony Open in Hawaii,Waialae Country Club,287.36,57.02,239.64,32.74,278.67,149.99,25.14,191.27,110.8,65.19,126.76,322.59,139.15,343.16,108.25,224.22,266.99,267.84
The American Express,"PGA West, TPC Stadium Course",27.41,26.46,268.56,24.44,87.71,37.84,212.59,195.32,210.96,331.05,2.65,39.53,95.75,83.92,265.03,202.38,166.78,159.26
Farmers Insurance Open,"Torrey Pines, South Course",241.59,174.68,202.73,353.27,171.26,37.08,196.59,70.09,175.79,179.39,249.18,293.13,112.79,336.18,348.58,228.64,40.64,350.89
AT&T Pebble Beach Pro-Am,Pebble Beach Golf Links,65.95,100.86,236.83,115.76,141.19,203.78,175.93,58.7,134.73,157.03,23.85,287.27,304.6,337.92,309.07,236.08,205.55,299.62
WM Phoenix Open,"TPC Scottsdale, Stadium Course",334.98,158.16,283.44,345.9,239.71,124.49,323.23,130.85,101.89,233.34,298.78,222.09,316.02,137.6,96.26,82.93,91.49,8.27
The Genesis Invitational,"Torrey Pines, South Course",241.59,174.68,202.73,353.27,171.26,37.08,196.59,70.09,175.79,179.39,249.18,293.13,112.79,336.18,348.58,228.64,40.64,350.89
Mexico Open,Vidanta Vallarta,343.31,51.5,156.89,159.62,0.62,339.98,152.82,168.46,223.19,250.47,37.78,345.21,213.51,168.24,345.45,271.66,236.25,120.0
Cognizant Classic,"PGA National, Champion Course",240.73,307.83,129.4,239.75,246.36,47.05,277.36,98.4,62.35,232.51,232.48,137.72,116.25,277.4,51.37,1.24,105.4,50.26
Arnold Palmer Invitational,Bay Hill Golf Club,4.35,11.87,34.64,319.46,133.29,221.75,325.87,158.71,192.91,55.57,77.24,307.01,137.31,267.0,203.3,184.98,3.2,4.57
Puerto Rico Open,Grand Reserve Golf Club,151.53,201.68,274.12,199.18,51.11,132.22,24.39,300.19,339.01,216.89,356.42,350.57,151.29,35.13,45.01,237.76,223.75,218.57
THE PLAYERS Championship,"TPC Sawgrass, Stadium Course",6.18,189.56,284.31,163.67,105.82,231.0,55.74,77.44,329.97,50.43,196.79,9.66,176.63,203.35,318.39,153.79,327.34,329.55
Valspar Championship,"Innisbrook, Copperhead Course",15.0,18.7,184.41,224.31,175.04,8.04,185.65,163.55,321.99,136.39,181.19,301.24,118.76,291.57,105.37,135.48,5.34,308.84
Texas Children's Houston Open,Memorial Park,210.66,180.2,339.47,165.93,310.51,135.75,70.56,19.58,14.89,303.7,157.66,332.08,205.31,181.21,153.87,354.86,179.84,69.89
Valero Texas Open,"TPC San Antonio, Oaks Course",178.15,187.16,215.45,204.75,323.99,33.79,88.06,8.17,354.92,167.99,169.81,12.04,196.69,210.12,355.85,344.67,192.33,23.63
RBC Heritage,Harbour Town Golf Links,122.65,156.04,219.54,187.11,63.98,336.76,238.47,349.76,323.6,188.11,164.92,230.46,244.7,27.47,45.16,334.38,246.36,16.65
Corales Puntacana Championship,"Puntacana, Corales Course",45.65,262.98,267.47,236.66,52.43,82.88,99.64,228.37,218.7,244.23,228.33,214.06,168.88,27.82,42.09,96.74,26.31,50.17
Zurich Classic of New Orleans,TPC Louisiana,213.98,228.9,210.66,268.99,16.96,156.34,42.57,32.84,57.47,287.94,200.02,172.61,9.98,352.15,17.16,195.98,144.54,29.29
The CJ Cup Byron Nelson,TPC Craig Ranch,151.46,176.53,315.05,108.44,327.84,63.72,253.11,1.68,173.13,349.82,275.19,98.61,279.67,100.09,328.33,154.44,155.19,173.32
Truist Championship,"Philadelphia Cricket Club, Wissahickon Course",268.98,84.45,90.32,286.49,195.38,88.65,297.96,100.53,144.0,246.5,261.4,255.79,92.67,262.5,234.29,93.96,43.44,85.98
Myrtle Beach Classic,The Dunes Golf and Beach Club,341.61,9.64,283.27,223.29,38.66,99.12,192.2,194.62,82.92,15.56,2.94,313.68,332.99,217.09,99.4,166.85,250.64,186.08
Charles Schwab Challenge,Colonial Country Club,74.65,316.37,113.87,352.24,262.01,199.92,19.34,227.92,176.97,246.98,41.21,234.06,249.44,200.8,87.13,328.42,240.04,62.37
The Memorial Tournament,Muirfield Village Golf Club,70.35,38.62,131.21,313.86,345.01,291.65,202.63,187.28,206.03,319.26,287.27,288.28,92.65,128.01,253.89,96.04,64.23,102.44
RBC Canadian Open,"TPC Toronto, North Course",316.74,310.39,300.25,327.05,134.19,316.83,134.97,129.16,125.55,314.44,297.99,310.49,305.77,17.72,76.11,141.52,136.45,113.49
Travelers Championship,TPC River Highlands,182.85,197.88,176.86,351.22,8.2,187.48,7.95,13.34,40.75,69.46,46.83,173.84,186.56,214.36,354.37,203.83,15.24,356.32
John Deere Classic,TPC Deere Run,199.57,229.16,339.46,141.71,5.2,318.41,181.99,5.51,141.65,318.91,103.53,129.34,311.52,135.03,186.62,215.96,17.88,199.58
Genesis Scottish Open,The Renaissance Club,116.87,295.58,111.25,326.65,249.99,267.41,48.71,223.78,202.35,25.97,21.48,24.48,77.13,238.36,52.8,225.72,175.2,240.63
ISCO Championship,Hurstbourne Country Club,184.55,80.98,107.42,152.51,296.58,265.58,333.08,327.63,66.78,77.44,265.29,299.69,307.99,211.1,58.4,116.53,120.81,187.28
Barracuda Championship,Old Greenwood,292.71,33.77,313.13,217.11,212.41,209.5,21.16,54.55,107.07,262.3,302.95,196.54,93.72,66.47,227.98,73.01,64.68,356.9
3M Open,TPC Twin Cities,266.66,9.95,97.52,74.55,98.14,267.22,234.61,311.98,138.36,165.01,172.74,348.78,141.21,93.12,24.95,208.81,272.54,297.18
Wyndham Championship,Sedgefield Country Club,213.56,115.94,256.06,196.71,88.94,77.35,326.52,7.76,301.5,76.2,179.42,182.41,159.97,8.76,348.81,118.35,311.24,253.25
FedEx St Jude Championship,TPC Southwind,211.95,287.88,278.6,97.51,166.45,357.56,95.83,160.83,20.08,81.28,234.53,178.97,91.28,59.17,157.79,281.8,271.78,341.96
BMW Championship,Caves Valley Golf Club,80.95,104.26,103.39,157.38,322.54,5.0,183.57,317.88,309.36,203.62,96.7,122.28,55.86,295.04,75.59,299.43,169.28,350.94
Tour Championship,East Lake Golf Club,98.65,103.28,268.14,90.91,277.02,103.75,279.94,3.9,291.43,270.11,83.21,267.42,175.51,94.4,318.43,267.79,2.15,100.23
Procore Championship,"Silverado Resort, North Course",19.31,308.62,2.66,4.6,117.0,203.11,103.6,131.61,221.22,33.79,32.5,12.22,198.53,358.05,357.5,179.3,110.73,204.79
Ryder Cup,"Bethpage, Black Course",49.31,47.85,187.27,35.18,12.41,132.67,22.65,14.47,236.49,338.1,160.36,252.83,206.68,207.29,344.47,158.16,297.84,199.66
Sanderson Farms Championship,Country Club of Jackson,108.51,115.52,31.05,261.55,261.26,87.77,224.45,289.73,289.35,101.75,84.32,269.14,41.1,91.9,171.09,234.56,305.45,288.88
Baycurrent Classic,Yokohama Country Club,310.03,359.73,185.14,313.3,218.19,168.51,16.93,112.22,122.36,168.34,353.7,180.44,302.76,11.87,199.7,74.32,19.75,138.09
Bank of Utah Championship,Black Desert Resort,207.49,120.75,178.74,180.2,179.97,322.06,33.51,4.41,332.48,250.77,172.87,200.24,7.65,12.36,340.61,348.92,68.72,124.6
World Wide Technology Championship,"Diamante, El Cardonal Course",201.9,146.46,91.86,314.64,135.88,14.98,203.43,17.87,259.08,1.52,188.2,11.89,162.16,0.7,260.84,347.88,170.73,193.01
Bermuda Championship,Port Royal Golf Club,83.17,327.92,249.84,321.46,153.94,177.56,250.58,209.18,104.12,146.04,56.06,232.7,260.35,156.48,305.27,313.49,132.67,344.78
The RSM Classic,"Sea Island, Seaside Course",8.31,350.09,3.48,277.75,241.02,151.36,128.94,152.62,197.17,321.16,300.33,98.26,284.66,359.33,137.25,119.56,275.89,168.76
Hero World Challenge,Albany Bahamas,151.61,203.03,348.16,172.1,125.54,44.19,246.93,66.7,312.45,89.3,137.23,144.59,269.95,81.1,314.91,144.21,329.36,306.96
Grant Thornton Invitational,"Tiburón Golf Club, The Gold Course",91.63,24.64,359.5,342.41,172.7,176.02,243.56,190.94,194.76,239.03,0.82,356.09,56.84,313.97,92.01,47.21,196.25,204.91
